,vaga,empresa,localizacao,salario,dataPostagem,dataRaspagem,requisitos,job_url
0,,A Gente Faz Terceirização,"São Paulo, SP",R$ 2.000 por mês,EmployerAtiva 2 dias atrás,2022-05-01,"REQUISITOS: HABILIDADE EM DASHBOARD TRATAMENTO DE INFORMAÇÕES CONHECIMENTO EM EXCEL, POWER BI E PYTHON PACOTE OFFICE Atividades desenvolvidas: *…",
1,,CIEE One,Brasil,R$ 3.000 por mês,Postedhá 2 dias,2022-05-01,Descrição da vaga: Desde a década de 90 por conta da crescente preocupação das autoridades com a estabilidade do sistema financeiro começaram a surgir de…,
2,Recruta Simples,Recruta Simples,"São Paulo, SP",R$ 1.500 por mês,Postedhá 30+ dias,2022-05-01,"Noções de JS (jQuery, BootStrap) e Angular JS;Boa comunicação verbal e escrita;",
3,Anbima,Anbima,"São Paulo, SP",,Postedhá 4 dias,2022-05-01,"Noções de programação (VBA, Python, SQL, Matlab).Bolsa estágio compatível com o mercado.",
4,GLOBAL HITSS,GLOBAL HITSS,"São Paulo, SP",,Postedhá 2 dias,2022-05-01,"Somos uma empresa do grupo América Móvil, com mais de 30 anos de experiência no mercado de soluções digitais e serviços de TI na América Latina e Estados…",
5,Vagas de emprego: Shopee,Shopee,"São Paulo, SP",,Postedhá 12 dias,2022-05-01,VBA e JavaScript serão considerados diferenciais.Capacidade de trabalhar em um ambiente multifuncional e colaborativo.,
6,,Jobbol,"Home office in São Paulo, SP",,Postedhá 30+ dias,2022-05-01,"Desenvolvimento WEB considerando as seguintes tecnologias: Python, React, HTML, JavaScript e CSS.Modelagem de banco de dados relacionais e não relacionais.",
7,Vagas de emprego: Innolevels,Innolevels,"São Paulo, SP",R$ 6.500 - R$ 10.000 por mês,Postedhá 2 dias,2022-05-01,Automação de rotinas a frameworks completos de desenvolvimento web.,
8,Vagas de emprego: LLIEGE,LLIEGE,"São Paulo, SP",R$ 6.000 por mês,EmployerAtiva 2 dias atrás,2022-05-01,"Atuar com programação Fullstack, Django, consumo de APIS REST, bancos de dados, JavaScript, jQuery, HTML e CSS.",
9,Vagas de emprego: Orangefox,Orangefox,"Home office in São Paulo, SP",,Postedhá 5 dias,2022-05-01,"Experiência comprovada com o mínimo de 2 (dois) anos atuando em projetos;Sólidos conhecimentos em Python, SQL, Github e Excel;",
10,Vagas de emprego: RUFINO HR CONSULTING,RUFINO HR CONSULTING,"Home office in São Paulo, SP",R$ 3.500 por mês,Postedhá 3 dias,2022-05-01,"Pacote office avançado, BI intermediário, SAS básico, Python intermediário e banco de dados intermediário.Local: * Home Office, com disponibilidade de ir até a…",
11,Vagas de emprego: Capim,Capim,"Home office in São Paulo, SP",R$ 5.000 - R$ 10.000 por mês,EmployerAtiva 8 dias atrás,2022-05-01,Somos uma fintech que está transformando os serviços financeiros no setor de saúde no Brasil.Identificar desafios e oportunidades de negócio e usar ferramentas…,
12,Liv Up,Liv Up,"Home office in São Paulo, SP",,Postedhá 30+ dias,2022-05-01,"Utilizando nossa plataforma de dados, nosso time constrói produtos que utilizam algoritmos de Machine Learning e otimização de restrições para encantar nossos…",
13,Vagas de emprego: 2RP Net,2RP Net,"Home office in São Paulo, SP",,Postedhá 30 dias,2022-05-01,"Alguma linguagem de programação (C, Java, C#, PHP, etc);Outras linguagens e tecnologias (PHP, C#, Java, Python, Node.js, Golang, etc);",
14,Iterative,Iterative,"São Paulo, SP",,Postedhá 30+ dias,2022-05-01,Conhecimento técnico avançado em desenvolvimento (Python);,
15,Analista de B.I,Buonny,"São Paulo, SP",,Postedhá 11 dias,2022-05-01,"Estruturação de base de dados para análise comerciais;Conhecimento de Big Data (Spark, Cloudera, Hadoop) e Python;Modelagem de dados SQL/Teradata, Big Data;",https://www.br.indeed.com/rc/clk?jk=e9c8faad69d7ee3b&fccid=7edbf2005fd2eff0&vjs=3
16,Desenvolvedor Web,Evoi Publicidade,"São Paulo, SP",R$ 2.100 por mês,EmployerAtiva 2 dias atrás,2022-05-01,Colaborar com automação de processos em plataformas de marketing.,https://www.br.indeed.com/company/Evoi-Publicidade/jobs/Desenvolvedor-Web-63684da59c48070e?fccid=37fc7b0ef9000391&vjs=3
17,ANALISTA DE DADOS JR,BANCO BBC Digital,"São Paulo, SP",,Postedhá 1 dia,2022-05-01,Desejável experiência em construção de Dashboards em PowerBI.,https://www.br.indeed.com/rc/clk?jk=300aa648d20b4e04&fccid=dd616958bd9ddc12&vjs=3
18,Partner Operations Assistant,Gympass,"São Paulo, SP",,Postedhá 16 dias,2022-05-01,"Execution of daily work, involving the execution of Python scripts, creation, and maintenance of SQL queries, editing Partners profiles on the CRM/Salesforce.",https://www.br.indeed.com/rc/clk?jk=1135ba8dbeb60c3b&fccid=ff4e5bc9a5a00195&vjs=3
19,Software Developer - Python,IBM,"São Paulo, SP",,Postedhá 30+ dias,2022-05-01,"Software Developers at IBM are the backbone of our strategic initiatives to design, code, test, and provide industry-leading solutions that make the world run…",https://www.br.indeed.com/rc/clk?jk=74a1ed6abe2f5801&fccid=de71a49b535e21cb&vjs=3
20,Pessoa Desenvolvedora de Back End Jr,Enext,"Home office in São Paulo, SP",,Postedhá 2 dias,2022-05-01,"Configurar serviços (VM, banco de dados, lambda) simples em diferentes clouds como AWS, Azure e Google Cloud Platform;",https://www.br.indeed.com/rc/clk?jk=d7e3cf3fce67abfa&fccid=92e1e2d245f4bdae&vjs=3
21,Data Scientist Jr,Remessa Online,"Home office in São Paulo, SP",,Postedhá 12 dias,2022-05-01,"Como será o dia a dia.Desenvolver decisores no produto, compliance, e CRM por meio de modelagem estatística aplicada (Sistemas de detecção de fraude, Score de…",https://www.br.indeed.com/rc/clk?jk=4d916f359d787d01&fccid=094d6ef878bffdad&vjs=3
22,[Python] - Software Engineer,Revelo Network,"Home office in São Paulo, SP",,EmployerAtiva 3 dias atrás,2022-05-01,"Estamos em busca de um profissional de Software de Engineer Requisitos Técnicos Python, Aws, Postgresql Requisitos técnicos obrigatórios: Inglês Fluente +4…",https://www.br.indeed.com/company/Revelo-Network/jobs/-378e98e9fe4d8c3f?fccid=17066a83db00e0c9&vjs=3
23,"Intern, Forensic Investigations and Intelligence",Kroll,"São Paulo, SP",,Postedhá 16 dias,2022-05-01,"Tecnologia da Informação, Análise de Sistemas, Banco de Dados Data Science, Big Data & BI, Tecnologia em Banco de Dados, ou áreas correlatas.",https://www.br.indeed.com/rc/clk?jk=b0bfbd14aa7e22be&fccid=2991547aff717aed&vjs=3
24,Estágio (Indicadores),MetLife,"São Paulo, SP",,Postedhá 18 dias,2022-05-01,"Elaboração dos indicadores da área;Principais responsabilidades ou desafios: (Escreva no mínimo 5).Acompanhamento de sinistros da carteira de Vida, AP e…",https://www.br.indeed.com/rc/clk?jk=fb14d100efa19eeb&fccid=503cbddf55bc6990&vjs=3
25,Analista de Dados Comercial JR,Shopee,"São Paulo, SP",,Postedhá 25 dias,2022-05-01,Garantir que as métricas dos produtos andem alinhadas com os objetivos da empresa.,https://www.br.indeed.com/rc/clk?jk=49b0b30849f44fc9&fccid=0b476c4a7add47fe&vjs=3
26,Analista de Service Desk Júnior,CCEE,"Home office in São Paulo, SP",,Postedhá 16 dias,2022-05-01,Pessoas com deficiência são bem-vindas em nosso time.Será responsável por atender os chamados internos e externos de 1º nível e 2º(presencial ou remoto) de…,https://www.br.indeed.com/rc/clk?jk=fa74837114ca7b3f&fccid=8ccad45982a6a6a5&vjs=3
27,Estágio Machine Learning,2RP Net,"Home office in São Paulo, SP",,Postedhá 30 dias,2022-05-01,Desenvolver processos de ML Engineering;Aprender a monitor a qualidade de modelos de ML usando técnicas estatísticas avançadas;,https://www.br.indeed.com/rc/clk?jk=4be0ff5b1688df62&fccid=7f1b33b834a2ecf0&vjs=3
28,CIENTISTA DE DADOS,Flix,"São Paulo, SP",,Postedhá 16 dias,2022-05-01,"Conhecimento em linguagens de programação de análise de dados (R, Python, Hadoop e SQL);Visualização de Dados; Data Mining, Machine Learning;",https://www.br.indeed.com/rc/clk?jk=c521e8ca63f3d63c&fccid=b7505b3fcef72635&vjs=3
29,Data Engineer Python| Collibra,CAPCO,"São Paulo, SP",,Postedhá 3 dias,2022-05-01,"Expertise técnica em modelos de dados, desenvolvimento de design de banco de dados, mineração de dados e técnicas de segmentação;",https://www.br.indeed.com/rc/clk?jk=f24c68e7a896ad82&fccid=c2a63affe8751868&vjs=3
30,Vagas de emprego: Clearsale,Clearsale,"Home office in São Paulo, SP",,Postedhá 26 dias,2022-05-01,Tem segurança na tomada de decisões que podem gerar grandes impactos;Sabe trabalhar em equipe (acreditamos muito “nós” ao invés de “eu”);,
31,Abril Comunicações,Abril Comunicações,"Home office in São Paulo, SP",R$ 5.000 - R$ 5.500 por mês,EmployerAtiva 2 dias atrás,2022-05-01,"Montagem de um data lake da empresa, incialmente voltado para área de assinaturas, e envolvendo a parte de audiência de sites, dados de assinaturas, assinantes…",
32,Luizalabs,Luizalabs,"São Paulo, SP",,Postedhá 2 dias,2022-05-01,Aplicar e difundir as boas práticas de segurança no projeto;Conhecimento nas linguagens Java e/ou Python e/ou NodeJS;Versionamento de projetos com GIT;,
33,Vagas de emprego: R&SSOUZA,R&SSOUZA,"Home office in São Paulo, SP",R$ 7.000 - R$ 10.000 por mês,EmployerAtiva 3 dias atrás,2022-05-01,"Experiência de 05 anos na ou mais.Experiências em Python e seus frameworks como Django, Flask, FastAPI e afins / Bancos de dados relacionais como Postgres,…",
34,Wipro Limited,Wipro Limited,"São Paulo, SP",,Postedhá 24 dias,2022-05-01,Experience in testing distributed Cloud based applications.Understand existing test cases and develop new ones.Good understanding of CI/CD pipeline.,
35,Vagas de emprego: Safira Energia,Safira Energia,"Home office in Barueri, SP",,Postedhá 17 dias,2022-05-01,"Aqui contamos com uma galera visionária e destemida, que vive num movimento constante para sempre fazer mais e melhor, trazendo soluções inteligentes para o…",
36,vagas de emprego: Barueri,,"Barueri, SP",R$ 3.500 por mês,Postedhá 11 dias,2022-05-01,"Estamos na vanguarda das tecnologias de engenharia do futuro, com soluções que garantem o sucesso de nossos clientes em setores-chave que estão moldando o…",
37,Clearsale,Clearsale,"Home office in São Paulo, SP",,Postedhá 16 dias,2022-05-01,"Gerir, criar e dar manutenção aos indicadores contratuais que temos com nossos clientes;Trabalho com grandes volumes de dados com extração e manipulação de…",
38,PayGo Pagamentos,PayGo Pagamentos,"Home office in São Paulo, SP",,Postedhá 11 dias,2022-05-01,Garantir a comunicação dos ambientes (On-Premises e Clouds) de forma segura e automatizada com transparência e baixa latência;,
39,Vagas de emprego: Juntos Somos Mais,Juntos Somos Mais,"Home office in São Paulo, SP",,Postedhá 30+ dias,2022-05-01,"Você fará parte do time de Tecnologia, da squad de Loyalty.Experiência com Docker e Kubernetes;Experiência atuando com meios de pagamento;",
40,Gympass,Gympass,"São Paulo, SP",,Postedhá 23 dias,2022-05-01,Definition and execution of a continuous improvement process for the project.Monitor metrics and expose insights into how the project is doing over the weeks…,
41,Vagas de emprego: Joyjet Digital,Joyjet Digital,"Home office in São Paulo, SP",R$ 6.000 - R$ 10.000 por mês,EmployerAtiva 7 dias atrás,2022-05-01,"Apoia no desenho de Soluções e Projetos de Cloud Transformation.Mínimo três (03) anos de experiência.Experiência em Amazon Web Services (API Gateway, Lambda,…",
42,Vagas de emprego: ITAPEVA Recuperação de Créditos,ITAPEVA Recuperação de Créditos,"São Paulo, SP",R$ 3.500 por mês,Postedhá 22 dias,2022-05-01,"Formação Superior Completa em Ciência da Computação, Análise de Sistemas, Banco de Dados, Big Data ou áreas relacionadas a Tecnologia da Informação;",
43,WMS,WMS,"Home office in São Paulo, SP",R$ 1.403 por mês,Postedhá 23 dias,2022-05-01,"Devido à evolução tecnológica do marketing, o mercado de publicidade gera cada vez mais dados, o que torna a área responsável pela extração, tratamento e…",
44,Vagas de emprego: SpeedJob,SpeedJob,"São Paulo, SP",R$ 1.950 por mês,Postedhá 2 dias,2022-05-01,. Irá dar suporte aos clientes internacionais;. Possuir conhecimento mínimo sobre mercado financeiro.,
45,Estágio em TI,SpeedJob,"São Paulo, SP",R$ 1.950 por mês,Postedhá 2 dias,2022-05-01,. Irá dar suporte aos clientes internacionais;. Possuir conhecimento mínimo sobre mercado financeiro.,https://www.br.indeed.com/company/SpeedJob/jobs/Est%C3%A1gio-Ti-9f7b6b56682a74b8?fccid=4c8d9addde301a7a&vjs=3
46,Analista Segurança da Informação Junior,Itaú Unibanco,"São Paulo, SP",,Postedhá 17 dias,2022-05-01,"Analisar e acompanhar o Ciclo de Concessão de Acessos de maneira a garantir a sua efetividade, conclusão nos prazos pré-estabelecidos e retroalimentação ao…",https://www.br.indeed.com/rc/clk?jk=836ff0569d2ad005&fccid=df3b23afae2f3514&vjs=3
47,Desenvolvedor(a) Python Pleno,Experian,"São Paulo, SP",,Postedhá 5 dias,2022-05-01,"Portanto, acreditamos que trabalhar conectados como um time único e em um ambiente dinâmico e desafiador é extremamente importante para o crescimento pessoal e…",https://www.br.indeed.com/rc/clk?jk=ccdafc35adb42ffd&fccid=75a3a5a15b202084&vjs=3
48,Analista de banco de dados Jr.,Allcare Gestora de Saúde,"São Paulo, SP",,Postedhá 30+ dias,2022-05-01,Criação de novas rotinas de ETL.,https://www.br.indeed.com/rc/clk?jk=777d595a337da7fe&fccid=bb4f2291d60fc382&vjs=3
49,Especialista Programador(a) em Python,DATAB,"São Caetano do Sul, SP",,Postedhá 1 dia,2022-05-01,"Como principal atividade, esse profissional ensinará e repassará essa paixão para outras pessoas por meio da produção de conteúdo técnico educacional sobre a…",https://www.br.indeed.com/rc/clk?jk=605d7221d9c2d0d3&fccid=9dea647c646e3417&vjs=3
50,QA Tester Python SR,RHTALENTOS.TEC,"Home office in São Paulo, SP",R$ 8.000 - R$ 20.000 por mês,EmployerAtiva 2 dias atrás,2022-05-01,"Kanban, Scrum, Jira, Confluence, BDD - Behavior Driven Development, Gherking, SQL, Modelagem de dados relacional, Cloud-AWS, API, Json, Python, Postman, Swagger…",https://www.br.indeed.com/company/RHTALENTOS.TEC/jobs/QA-Tester-Python-Senior-5687f699c2563225?fccid=e8ec5cee07a15067&vjs=3
51,Analista Júnior - Estratégia,ITAPEVA Recuperação de Créditos,"São Paulo, SP",R$ 3.500 por mês,Postedhá 30+ dias,2022-05-01,"Recém formados em exatas (Ex.: Engenharia, Matemática, Física);",https://www.br.indeed.com/rc/clk?jk=dead29bb48272f72&fccid=4bda090c393d045d&vjs=3
52,CIENTISTA DE DADOS,Centro de Excelência Votorantim BR,"São Paulo, SP",,Postedhá 30+ dias,2022-05-01,Buscamos por cientistas de dados para integrar o time do Centro de Excelência Votorantim na área de Data Analytics.Banco de Dados e SQL;,https://www.br.indeed.com/rc/clk?jk=5028114cc0200941&fccid=7de668657fe22211&vjs=3
53,Data Scientist - Cientista de Dados,Capim,"Home office in São Paulo, SP",R$ 8.000 - R$ 10.000 por mês,EmployerAtiva 2 dias atrás,2022-05-01,Somos uma fintech que está transformando os serviços financeiros no setor de saúde no Brasil.Definir técnicas e abordagens para os problemas de data science…,https://www.br.indeed.com/company/Capim/jobs/Data-Scientist-f5e258000a4bfa80?fccid=0a5d7b98d581e8cb&vjs=3
54,Bolsa Treinamento Técnico TT-5 Especialista em Informática,IFT-UNESP,"São Paulo, SP",R$ 8.468 por mês,EmployerAtiva 3 dias atrás,2022-05-01,"A implantação será feita em colaboração com o instituto ICTP em Trieste, Itália (www.ictp.it).",https://www.br.indeed.com/company/ICTP--SAIFR/jobs/Bolsa-Treinamento-T%C3%A9cnico-Tt-Especialista-Inform%C3%A1tica-6988687584719999?fccid=354cd46341f3ee9b&vjs=3
55,OPERADOR DE MESA JUNIOR - TRADER,Banco Master,"São Paulo, SP",,Postedhá 4 dias,2022-05-01,Boletar operações realizadas pela tesouraria;,https://www.br.indeed.com/rc/clk?jk=7553ec1e805d26c1&fccid=d4aad7adc82f9a32&vjs=3
56,Estagiário - Business Intelligence,Cescon Barrieu,"São Paulo, SP",,Postedhá 30+ dias,2022-05-01,Aqui você encontra um ambiente amigável e muitas oportunidades para trabalhar em operações e nos casos mais interessantes e relevantes do Brasil.,https://www.br.indeed.com/rc/clk?jk=fd901fc5dfb37033&fccid=a9e5c0b1dcea2f40&vjs=3
57,TypeScript+ Webdriver Developer,Wipro Limited,"São Paulo, SP",,Postedhá 24 dias,2022-05-01,Experience in testing distributed Cloud based applications.Understand existing test cases and develop new ones.Good understanding of CI/CD pipeline.,https://www.br.indeed.com/rc/clk?jk=79b5dc998acd97db&fccid=8d25321c1defe73f&vjs=3
58,Estagiário de Risco e Modelagem,C&A,"Home office in Barueri, SP",,Postedhá 12 dias,2022-05-01,"Validar e monitorar todos os modelos em produção, garantindo a performance dos modelos dentro dos parâmetros pré-estabelecidos e fazer os ajustes e retreinos…",https://www.br.indeed.com/rc/clk?jk=3f649315d953594e&fccid=a4cd2f6890a2a328&vjs=3
59,Analista Segurança da Informação Junior,Itaú,"São Paulo, SP",,Postedhá 17 dias,2022-05-01,"Analisar e acompanhar o Ciclo de Concessão de Acessos de maneira a garantir a sua efetividade, conclusão nos prazos pré-estabelecidos e retroalimentação ao…",https://www.br.indeed.com/rc/clk?jk=bac1bbab890558d1&fccid=df3b23afae2f3514&vjs=3
60,Analista Segurança da Informação Junior,Itaú,"São Paulo, SP",,Postedhá 17 dias,2022-05-01,"Analisar e acompanhar o Ciclo de Concessão de Acessos de maneira a garantir a sua efetividade, conclusão nos prazos pré-estabelecidos e retroalimentação ao…",https://www.br.indeed.com/rc/clk?jk=bac1bbab890558d1&fccid=df3b23afae2f3514&vjs=3
61,Desenvolvedor(a) Python Senior [REMOTO],Instruct,"Home office in São Paulo, SP",R$ 9.000 - R$ 12.000 por mês,Postedhá 30+ dias,2022-05-01,Buscamos profissional que tenha pelo menos 6 anos de experiência desenvolvendo software e consiga ensinar o time a partir dessas experiências.,https://www.br.indeed.com/rc/clk?jk=30e55fbc919d7d90&fccid=a9f9655d46e772fb&vjs=3
62,Desenvolvedor Python SR,Luby Software,"São Paulo, SP",,Postedhá 10 dias,2022-05-01,"4+ anos em desenvolvimento de softwares ou experiência comprovada em grandes projetos.Conhecimentos em ferramentas da suíte Apache (Airflow, Solr, FluentD).",https://www.br.indeed.com/rc/clk?jk=1285657ac2b87b27&fccid=5b605415b403a24b&vjs=3
63,JBS - Especialista de Energia Elétrica,JBS,"São Paulo, SP",,Postedhá 12 dias,2022-05-01,Relacionamento com todas concessionárias que atendem nossas unidades;Gestão de consumo das unidades no Ambiente de Contratação Livre;,https://www.br.indeed.com/rc/clk?jk=e121f5cad5faa8af&fccid=b8ee0337c9362d13&vjs=3
64,Estágio em Desenvolvimento de Web no Magroove,Magroove Serviços Digitais,"Home office in São Paulo, SP",R$ 999 - R$ 1.000 por mês,Contratações frequentes,2022-05-01,Nosso objetivo é ajudar artistas independentes a monetizar seu trabalho com uma plataforma web que concentra diversas ferramentas que eles vão precisar no…,https://www.br.indeed.com/company/Magroove/jobs/Est%C3%A1gio-Desenvolvimento-Web-Magroove-0402c882877fb8dd?fccid=abcb13b1c06f352b&vjs=3
65,Junior Machine Learning Engineer,Gympass,"Home office in São Paulo, SP",,Postedhá 3 dias,2022-05-01,"Our team is responsible for providing our users with the tools they need to discover Gympass products and services that best fits their interests, such as gyms,…",https://www.br.indeed.com/rc/clk?jk=2f83d2bff8c130f0&fccid=ff4e5bc9a5a00195&vjs=3
66,Desenvolvedor (a) Full Stack Python,Bravi,"Home office in São Paulo, SP",,Postedhá 30+ dias,2022-05-01,Sempre temos mais o que aprender.,https://www.br.indeed.com/rc/clk?jk=efda8a3e12e66dbe&fccid=ea733cebd32530ea&vjs=3
67,Data Scientist - LATAM,Signifyd,"Home office in São Paulo, SP",,Postedhá 5 dias,2022-05-01,The Data Science team at Signifyd builds the models that power our fraud detection engine.Our machine learning pipeline keeps us one step ahead of fraudsters…,https://www.br.indeed.com/company/Signifyd/jobs/Data-Scientist-9eae8823bddb1b7a?fccid=fb39f30bde31b5f4&vjs=3
68,ANALISTA INFRAESTRUTURA TI PL - PLATAFORMA CLOUD - 4250 DITI,Banco Bradesco SA,"Osasco, SP",,Postedhá 30+ dias,2022-05-01,"Somos um dos mais modernos Bancos do mundo, referência em inovação e tecnologia.Prática na implementação de Projetos de TI em arquitetura ou desenvolvimento;",https://www.br.indeed.com/rc/clk?jk=41a259d1041d4b46&fccid=dd708ee3271585de&vjs=3
69,Data Scientist,GoIT,"Home office in São Paulo, SP",R$ 6.000 - R$ 12.529 por mês,EmployerAtiva 3 dias atrás,2022-05-01,"Licenciatura em um campo altamente quantitativo (Ciência de Dados, Ciência da Computação, Aprendizado de Máquina, Pesquisa Operacional, Estatística, Matemática,…",https://www.br.indeed.com/company/GOIT/jobs/Data-Scientist-62ccb6e4158ee449?fccid=ef3c998468ed45f5&vjs=3
70,Arquiteto Cloud,Capgemini,"São Paulo, SP",,Postedhá 5 dias,2022-05-01,"Se você compartilha dos mesmos valores, aqui é o seu lugar.Conhecimentos em SPLUNK e Dynatrace;Conhecimentos em SQL, Python ou powershell;",https://www.br.indeed.com/rc/clk?jk=49c1569ab2b390d1&fccid=105ecfd0283f415f&vjs=3
71,Desenvolvedor(a) Python júnior (14),GeekHunter,"Home office in São Paulo, SP",R$ 16.000 - R$ 18.000 por ano,Postedhá 30+ dias,2022-05-01,"No primeiro momento o profissional será treinado para atuar com PySpark;Usando o PySpark, escrever os códigos usando Python.",https://www.br.indeed.com/rc/clk?jk=2eb229cf036a2e8c&fccid=9ba8dec3013c0c90&vjs=3
72,Analista de B.I,nstech,"São Paulo, SP",,Postedhá 1 dia,2022-05-01,"Estruturação de base de dados para análise comerciais;Conhecimento de Big Data (Spark, Cloudera, Hadoop) e Python;Modelagem de dados SQL/Teradata, Big Data;",https://www.br.indeed.com/rc/clk?jk=248c6b9ca3ba8aab&fccid=40bd02692c24a42f&vjs=3
73,Tutor Online,Latinhire,"São Paulo, SP",,Postedhá 30+ dias,2022-05-01,Estamos procurando alunos ou profissionais com conhecimento robusto em qualquer um dos assuntos listados abaixo e com um nível de inglês escrito alto o…,https://www.br.indeed.com/rc/clk?jk=f81166d566aba4db&fccid=a4ee28a6e4fdc83d&vjs=3
74,Cientista de dados/machine learning python pleno (remoto),Lean Saúde,"Home office in Vila Mariana, SP",,Postedhá 11 dias,2022-05-01,Diferencial experiência em web scraping (RPA) utilizando python.Desenvolvimento e manutenção de modelos descritivos e preditivos utilizando técnicas de machine…,https://www.br.indeed.com/rc/clk?jk=ef5eedd49123a732&fccid=49ade77fc07f3024&vjs=3
75,Vagas de emprego: Avita,Avita,"São Paulo, SP",,Postedhá 2 dias,2022-05-01,Desenhar os processos de integração de dados considerando o uso de SQL.,
76,Vagas de emprego: Safira Energia,Safira Energia,"Home office in Barueri, SP",,Postedhá 17 dias,2022-05-01,"Aqui contamos com uma galera visionária e destemida, que vive num movimento constante para sempre fazer mais e melhor, trazendo soluções inteligentes para o…",
77,Vagas de emprego: Talkdoc,Talkdoc,"Home office in São Paulo, SP",R$ 120.000 - R$ 200.000 por ano,EmployerAtiva 4 dias atrás,2022-05-01,We’re looking for someone who thinks user-first and can build products that solve the care gaps in behavioral health.All employees will work remotely.,
78,EY,EY,"São Paulo, SP",,Postedhá 4 dias,2022-05-01,"Desenvolver novos estudos baseados em diferentes tipos de dados;Otimizar e analisar códigos SQL e rotinas ETL;Big Data (Hive, Hadoop, HQL);",
79,Banco Bradesco SA,Banco Bradesco SA,"Osasco, SP",,Postedhá 30+ dias,2022-05-01,"Somos um dos mais modernos Bancos do mundo, referência em inovação e tecnologia.Ferramentas de automação (Jenkins, Puppet, Chef, Ansible);",
80,Vagas de emprego: Afterverse,Afterverse,"São Paulo, SP",,Postedhá 30+ dias,2022-05-01,"O PK XD também conta com uma rede de Creators, parceiros que desenvolvem conteúdos exclusivos sobre o jogo.Trabalhar com o time de arte e desenvolvimento para…",
81,Wipro Limited,Wipro Limited,"São Paulo, SP",,Postedhá 23 dias,2022-05-01,Should be aware of data processing architecture like Lambda.MUST have AWS pipeline/warehouse experience.MUST have experience in pyspark programming of AWS…,
82,iugu,iugu,"Hybrid remote in São Paulo, SP",,Postedhá 2 dias,2022-05-01,Fazer parte de um time que faz a diferença.O que você vai encontrar na iugu.Saúde: Plano de saúde e odontológico Sulamérica (ambos sem desconto e sem copay…,
83,Leroy Merlin,Leroy Merlin,"São Paulo, SP",,Postedhá 10 dias,2022-05-01,"Preparar material de reporting (interna e externa) no âmbito de resultados e planejamento.Conhecimento em Ferramentas de BI/Analytics (SQL, Python, Qlik).",
84,Vagas de emprego: TradersClub,TradersClub,"São Paulo, SP",,Postedhá 11 dias,2022-05-01,Manutenção das bases e informações do BigQuery para o Looker;Programação em R ou Python;,
85,Vagas de emprego: Azos,Azos,"Home office in São Paulo, SP",,Postedhá 11 dias,2022-05-01,"Nós somos a Azos, viemos para proteger o sonho das famílias brasileiras.Criação e manutenção de Web-Api’s Rest;",
86,Vagas de emprego: Shopee,Shopee,"São Paulo, SP",,Postedhá 30+ dias,2022-05-01,"Definir estratégias para o crescimento das vendas junto com o time comercial, acompanhando e analisando o desempenho dos diferentes espaços do site/app.",
87,Provider It,Provider It,"Home office in São Paulo, SP",,Postedhá 25 dias,2022-05-01,Desenvolvimento de API e recursos de Back-end em plataforma Python;Colaborar junto com o time de inovação nas atividades da área.,
88,Vagas de emprego: Brasol - Soluções Energèticas Inteligentes,Brasol - Soluções Energèticas Inteligentes,"São Paulo, SP",,Postedhá 23 dias,2022-05-01,Monitoramento remoto da operação de usinas fotovoltaicas;Suporte ao time de gestão de ativos na execução de suas funções.,
89,Vagas de emprego: FS Gestão RH,FS Gestão RH,"São Paulo, SP",R$ 12.000 - R$ 14.000 por mês,EmployerAtiva 18 dias atrás,2022-05-01,"Ter conhecimento em ferramentas de dados (Kafka, airflow, etc);Experiência com a Stack da Azure (microsoft), pois é onde estão centralizadas as soluções da…",
90,SOLUTIONS ARCHITECT SENIOR,FS Gestão RH,"São Paulo, SP",R$ 12.000 - R$ 14.000 por mês,EmployerAtiva 18 dias atrás,2022-05-01,"Ter conhecimento em ferramentas de dados (Kafka, airflow, etc);Experiência com a Stack da Azure (microsoft), pois é onde estão centralizadas as soluções da…",https://www.br.indeed.com/company/FS-Gest%C3%A3o-RH/jobs/Solutions-Architect-Senior-86f99665ea0ec76f?fccid=b33ebfeb3ca762a9&vjs=3
91,Software Engineer - Python - Kubernetes,Canonical - Jobs,"São Paulo, SP",,Postedhá 29 dias,2022-05-01,You are a python programmer with interest or experience in golang.On the Kubernetes team you will gain experience with the latest features in Kubernetes and…,https://www.br.indeed.com/rc/clk?jk=da573e9330873b2d&fccid=d40b824c7b625849&vjs=3
92,Analista de Mercado de Energia - Coleta de Faturas,Schneider Electric,"Jurubatuba, SP",,Postedhá 26 dias,2022-05-01,Contato frequente com fornecedores de serviços públicos (utilities) para garantir o recebimento de faturas de serviços públicos para clientes da Schneider…,https://www.br.indeed.com/rc/clk?jk=491a59f59312e83e&fccid=86c0b4fa6c1398be&vjs=3
93,"Especialista de controladoria, Custos",Nubank,"Home office in São Paulo, SP",,Postedhá 11 dias,2022-05-01,"O Nubank foi fundado em 2013 para libertar as pessoas de um sistema financeiro burocrático, lento e ineficiente.Possui habilidades em Scala, SQL ou Python.",https://www.br.indeed.com/rc/clk?jk=cd12ad32ec74b07c&fccid=1319f0c8ca907f90&vjs=3
94,Senior Python Developer WORK |LATAM|,BairesDev,"Home office in São Paulo, SP",,Postedhá 15 dias,2022-05-01,"Being a Python Senior Developer in our Development Team is just like being a full-time problem solver.These developers will face numerous technical challenges,…",https://www.br.indeed.com/rc/clk?jk=60b744f4f46382c2&fccid=29707109e86166e5&vjs=3
95,Estágio - PYTHON - Renda Fixa,modalmais,"São Paulo, SP",,Postedhá 29 dias,2022-05-01,"O que nos move Antes de sermos uma empresa, antes de sermos um banco ou até mesmo antes de sermos uma instituição, nós somos um grupo de pessoas em constante…",https://www.br.indeed.com/rc/clk?jk=7ff7b1f24b454c50&fccid=3562b4e1ab8eee23&vjs=3
96,Desenvolvedor (a) Java/Python PL,Recrutamento Externo,"São Paulo, SP",,Postedhá 3 dias,2022-05-01,Programação em linguagem Java + Python;Definir e entender requisitos técnicos e funcionais;Análise e desenvolvimento de serviços customizados com tecnologia…,https://www.br.indeed.com/rc/clk?jk=0fc7ee30bf96bf6d&fccid=039df17d98633a49&vjs=3
97,Estágio - DevOps,2RP Net,"Home office in São Paulo, SP",,Postedhá 30+ dias,2022-05-01,Trabalhar com Sistema Operacional Linux.Auxiliar na análise e validação de Pull Requests.Auxiliar no versionamento de códigos.,https://www.br.indeed.com/rc/clk?jk=1d2d019aafb27160&fccid=7f1b33b834a2ecf0&vjs=3
98,ANALISTA DE INFORMAÇÕES GERENCIAIS II,Orizon Brasil,"Home office in Barueri, SP",,Postedhá 5 dias,2022-05-01,"Desenvolver as atividades referentes à extração e transformação de dados em SQL.Imprescindível experiência com análise SQL, Big Data e Dashboards (PowerBi).",https://www.br.indeed.com/rc/clk?jk=7bc3ae251b3aef63&fccid=e2a1e00ff36ef2da&vjs=3
99,Analista de Dados Jr,PagBank PagSeguro,"São Paulo, SP",,Postedhá 30+ dias,2022-05-01,"Superior em Engenharia, Administração, Economia ou áreas correlatas.Conhecimento técnico em linguagem SQL.Pacote Office avançado, com foco em Excel.",https://www.br.indeed.com/rc/clk?jk=38153a89f4b0248b&fccid=8bdcb3c4087941be&vjs=3
100,Tech Lead (Python),Mercado Bitcoin,"Home office in São Paulo, SP",,Postedhá 30+ dias,2022-05-01,Gerir o time rumo ao protagonismo de suas carreiras.,https://www.br.indeed.com/rc/clk?jk=ff138bfcc8950e15&fccid=9283371e84986535&vjs=3
101,Estágio - Backend,2RP Net,"Home office in São Paulo, SP",,Postedhá 30+ dias,2022-05-01,Acompanhará o Desenvolvimento de funcionalidades e executará manutenções usando práticas de testes e qualidade de software;Linguagens JAVA ou C# ou Python;,https://www.br.indeed.com/rc/clk?jk=debeb660a55f5c1b&fccid=7f1b33b834a2ecf0&vjs=3
102,Analista de Analytics,Shopee,"São Paulo, SP",,Postedhá 16 dias,2022-05-01,Criar modelo de dados e executar iniciativas de Data Science junto ao time de BI.Contribuir com ideias criativas e inovadoras no intuito de estabelecer o…,https://www.br.indeed.com/rc/clk?jk=486d8387e96df453&fccid=0b476c4a7add47fe&vjs=3
103,Desenvolvedor Web,Veri Soluções Tecnológicas Ltda,"São Paulo, SP",R$ 7.500 por mês,EmployerAtiva 3 dias atrás,2022-05-01,Scrapyng em python usando a biblioteca requests.Scrapyng em python usando a biblioteca selenium webdriver.,https://www.br.indeed.com/company/Veri-Solu%C3%A7%C3%B5es-Tecnol%C3%B3gicas-Ltda/jobs/Desenvolvedor-Web-397614fc8d207571?fccid=e260f9ab2d929eeb&vjs=3
104,Analista de Performance Jr,tembici.,"São Paulo, SP",,Postedhá 30+ dias,2022-05-01,"Aqui você vai encontrar problemas que exigem soluções criativas a serem resolvidas - sério, temos vários que ainda não sabemos resolver.",https://www.br.indeed.com/company/Tembici./jobs/Analista-Performance-Junior-fd6bc32513067cac?fccid=90220ad0f8ca290d&vjs=3
105,Zé Delivery,Zé Delivery,"Home office in São Paulo, SP",,Postedhá 30+ dias,2022-05-01,"Somos uma empresa brasileira de tecnologia com 6 anos, já consolidada como o maior delivery de bebidas do mundo, presente em todos os estados do Brasil e…",
106,Vagas de emprego: Keyrus Brazil,Keyrus Brazil,"São Paulo, SP",,Postedhá 30+ dias,2022-05-01,O profissional será responsável pelo aplicativos web do lado servidor.Executar testes de UI para otimizar o desempenho.Banco de dados SQL e No-SQL (mongobd).,
107,Itaú Unibanco,Itaú Unibanco,"São Paulo, SP",,Postedhá 17 dias,2022-05-01,"O time faz a atuação no Planejamento Financeiro do Banco de Varejo, aproximadamente metade do resultado do Banco, com participação ativa como parceiro dos…",
108,Wipro Limited,Wipro Limited,"São Paulo, SP",,Postedhá 24 dias,2022-05-01,"Selenium, Python, Zephyr, Postman, Python Requests, BrowserStack.Experience in testing distributed Cloud based applications.",
109,Vagas de emprego: Truelogic Software,Truelogic Software,"São Paulo, SP",,Postedhá 17 dias,2022-05-01,"Reaching more than 34 thousand clients and 31 million users worldwide, our customers rely on us to help them prepare for the changes that come with new…",
110,Vagas de emprego: Lan RH,Lan RH,"São Paulo, SP",,EmployerAtiva 5 dias atrás,2022-05-01,"Experiência em assuntos de Machine Learning (Redução de ruído, reconhecimento de voz, fonética, síntese de voz, etc);Experiência em SQL, Python, etc;",
111,Oracle,Oracle,"São Paulo, SP",,Postedhá 30+ dias,2022-05-01,"Applicants are required to read, write, and speak the following languages: English, Portuguese.Advanced knowledge on Java, Phyton, PL/SQL Database, Operation…",
112,Vagas de emprego: GeekHunter,GeekHunter,"Home office in São Paulo, SP",R$ 6.000 - R$ 8.000 por mês,Postedhá 30+ dias,2022-05-01,Criação de Dashboards com métricas-chave do negócio;O que esperamos de você.Experiência mínima de 1 ano na área;Já ter trabalhado com crédito;,
113,Itaú,Itaú,"São Paulo, SP",,Postedhá 17 dias,2022-05-01,"Queremos ter um pouco da sua também!Conhecimento Pentest incluindo cenário ps-exploração;Conhecimento de Python, Java, Ruby, e Shell scripting;",
114,Vagas de emprego: Donus,Donus,"Home office in São Paulo, SP",,Postedhá 26 dias,2022-05-01,"Trabalhar em squad multidisciplinar (Engenheiros(as), Product Manager, Product Designer, Tech Lead, Analista de Dados e Customer Experience) com o objetivo de…",
115,Syngenta,Syngenta,"São Paulo, SP",,Postedhá 30+ dias,2022-05-01,Suportar time de campo com demanda de contratos.Auxiliar no reporte de ações promocionais via SalesForce.Desejável conhecimento em programação (Python).,
116,Vagas de emprego: F&F Psicologia Ltda,F&F Psicologia Ltda,"São Paulo, SP",R$ 2.500 - R$ 2.800 por mês,Postedhá 3 dias,2022-05-01,Realizar análise e modelagem de dados;Gerenciar banco de dados MYSQL; Utilizar script em Python; Exibir dashboards em POWER BI Server e Desktop.,
117,Credit Suisse,Credit Suisse,"São Paulo, SP",,Postedhá 16 dias,2022-05-01,"The intern will play an indispensable role supporting the Securities Desk, focused on Equities, De-rivatives and Structured Notes.",
118,Vagas de emprego: OEmprego,OEmprego,"São Paulo, SP",R$ 6.000 - R$ 7.000 por mês,Postedhá 30+ dias,2022-05-01,Preferência pelos cursos de Engenharias ou Administração; (contábeis).Conhecimento avançado de Excel e Power Point e intermediário em Power BI/Power.,
119,Expeditors,Expeditors,"Itaim Bibi, SP",,Postedhá 30+ dias,2022-05-01,Melhoria de processos que aceleram os negócios da Expeditors.Conhecimento essencial em Linguagens de banco de dados – SQL ou PostgreSQL.,
120,Vagas de emprego: OEmprego,OEmprego,"São Paulo, SP",R$ 6.000 - R$ 7.000 por mês,Postedhá 30+ dias,2022-05-01,Preferência pelos cursos de Engenharias ou Administração; (contábeis).Conhecimento avançado de Excel e Power Point e intermediário em Power BI/Power.,
121,Expeditors,Expeditors,"Itaim Bibi, SP",,Postedhá 30+ dias,2022-05-01,Melhoria de processos que aceleram os negócios da Expeditors.Conhecimento essencial em Linguagens de banco de dados – SQL ou PostgreSQL.,
122,Vagas de emprego: Shopee,Shopee,"São Paulo, SP",,Postedhá 30+ dias,2022-05-01,"Atuar no tratamento de bases, setups e ferramentas.Já trabalhou com e-commerce ou varejo.Experiência em automatização de reports manuais por VBA/Python/SQL.",
123,Vagas de emprego: Page Outsourcing Brasil,Page Outsourcing Brasil,"Hybrid remote in São Paulo, SP",,Postedhá 1 dia,2022-05-01,"2+ anos de experiência em análise, gestão de programas, consultoria, estratégia, gestão de operações ou gestão de pagamentos de fornecimentos;",
124,Porto Seguro,Porto Seguro,"São Paulo, SP",,Postedhá 30+ dias,2022-05-01,A área é responsável por liderar o uso de dados e a aplicação de soluções de Inteligência Artificial na empresa.,
125,Tech Mahindra,Tech Mahindra,"São Paulo, SP",,Postedhá 30 dias,2022-05-01,"Nós realmente acreditamos que a tecnologia torna isso possível, mas são as pessoas que fazem isso acontecer.Fortes conhecimento de Perl, Ruby, ou Python.",
126,PicPay,PicPay,"São Paulo, SP",,Postedhá 1 dia,2022-05-01,Propor ações para aumentar o engajamento dos clientes de maneira otimizada utilizando os modelos construídos.Conhecimento em modelagem estatística e algoritmos…,
127,Atento Brasil,Atento Brasil,"São Paulo, SP",R$ 6.500 por mês,Postedhá 1 dia,2022-05-01,"Atuar junto com a equipe desenvolvendo em nossos sistemas na linguagem SQL Server, Python, PHP.Implementar interfaces garantindo a utilização de boas práticas…",
128,Decision Group,Decision Group,"São Paulo, SP",,Postedhá 10 dias,2022-05-01,Experience preparing HLD/LLD with the best architecture available to support customer's requirement.Participating in requirements and design reviews of new…,
129,Vagas de emprego: ST Engineering iDirect,ST Engineering iDirect,"São Paulo, SP",,Postedhá 30+ dias,2022-05-01,"Provide direct technical assistance (remotely and onsite) to STE iDirect’s customers.Identify, follow-up, resolve and document customer technical complaints…",
130,Indra,Indra,"São Paulo, SP",,Postedhá 1 dia,2022-05-01,O desenvolvedor será responsável pela análise e programação Big Data de sistemas de instituições financeiras.Desejável conhecimento em shell script e linguagem…,
131,Yaman,Yaman,"São Paulo, SP",,Postedhá 3 dias,2022-05-01,Programação em linguagem Java + Python;Definir e entender requisitos técnicos e funcionais;Análise e desenvolvimento de serviços customizados com tecnologia…,
132,Itaú Unibanco,Itaú Unibanco,"São Paulo, SP",,Postedhá 17 dias,2022-05-01,"Queremos ter um pouco da sua também!Conhecimento Pentest incluindo cenário ps-exploração;Conhecimento de Python, Java, Ruby, e Shell scripting;",
133,MasterCard,MasterCard,"São Paulo, SP",,Postedhá 30+ dias,2022-05-01,Consumers should have full transparency and control of their Financial Data.Finicity expands financial inclusion and increases financial and data literacy.,
134,Credit Suisse,Credit Suisse,"São Paulo, SP",,Postedhá 30+ dias,2022-05-01,Advanced programming skills (knowledge of python and R).The economics department is responsible for producing reports and analyses of all main economic…,
135,Decathlon,Decathlon,"Hybrid remote in São Paulo, SP",,Postedhá 16 dias,2022-05-01,Construir dashboards de CRM com o comportamento dos consumidores;Segmentar o público e fazer extrações de base;Experiência com CRM no varejo e e-commerce;,
136,Vagas de emprego: Hexacta,Hexacta,"São Paulo, SP",,Postedhá 12 dias,2022-05-01,"Azure Devops: pipeline, boards (sprint).Flask, Rancher, Kubernetes, DMS, ElasticSearch, Logstash, Java, Node, Angular, Scrum.",
137,EY,EY,"São Paulo, SP",,Postedhá 30+ dias,2022-05-01,Como Analista de Dados você irá atuar junto a um grande banco colocando em prática conhecimentos em análise de dados.,
138,Porto Seguro,Porto Seguro,"São Paulo, SP",,Postedhá 22 dias,2022-05-01,A área é responsável por liderar o uso de dados e a aplicação de soluções de Inteligência Artificial na empresa.Estes serão explorados no processo seletivo).,
139,Vagas de emprego: Modus Create,Modus Create,"Home office in São Paulo, SP",,Postedhá 2 dias,2022-05-01,You love pinpointing gaps in test coverage and developing plans to fill those gaps.You'll have a primary focus on designing test plans and processes for new…,
140,Vagas de emprego: TEGRA LTDA,TEGRA LTDA,"Home office in São Paulo, SP",,Postedhá 29 dias,2022-05-01,Trabalhamos juntos aos nossos clientes para direcionar seus investimentos para obter o melhor resultado.Desenhar casos de teste - Implementar artefatos de…,
141,Vagas de emprego: Tactus Contabilidade,Tactus Contabilidade,"São Bernardo do Campo, SP",,Postedhá 12 dias,2022-05-01,"Buscamos profissionais movidos por desafios, e que estejam alinhados com o nosso propósito no mercado. Somos uma empresa que cresce todos os meses e…",
142,Vagas de emprego: 2RP Net,2RP Net,"Home office in São Paulo, SP",,Postedhá 23 dias,2022-05-01,"Ü Conhecimento em uma ou mais linguagens (C#, Python, PHP, Java...);Ü Algum conhecimento em frameworks e bibliotecas CSS e JavaScript (Bootstrap, React,…",
143,Vagas de emprego: HR Soul,HR Soul,"São Paulo, SP",,Postedhá 26 dias,2022-05-01,Sólida experiência com desenvolvimento utilizando linguagem Python;Experiência com frameworks Django e Pandas;,
144,EY,EY,"São Paulo, SP",,Postedhá 4 dias,2022-05-01,"Ensino superior completo em Ciências Atuariais, Estatística, Matemática, Economia ou Engenharias;Pessoas talentosas e que consigam enxergar os desafios mais…",
145,Vagas de emprego: Canonical - Jobs,Canonical - Jobs,"São Paulo, SP",,Postedhá 23 dias,2022-05-01,"Canonical delivers open source software to millions of Linux, Windows and Mac machines through Ubuntu and the wider Canonical ecosystem.",
146,Itaú,Itaú,"São Paulo, SP",,Postedhá 30+ dias,2022-05-01,Ter uma visão completa do ciclo de vida do dado.Ter uma visão completa dos dados dos bancos sabendo formular hipóteses que olhem para o cliente como um todo.,
147,Autopass,Autopass,"Home office in São Paulo, SP",,Postedhá 3 dias,2022-05-01,"Criar modelos estatísticos para apoiar nas soluções de negócios (Ex: Marketing, Prevenção a Fraude, etc...).Comprovação mínima de 2 anos atuando com Análise de…",
148,Vagas de emprego: Juntos Somos Mais,Juntos Somos Mais,"Home office in São Paulo, SP",,Postedhá 30+ dias,2022-05-01,"Você fará parte do time de Tecnologia, da squad de ITOps.O seu time é responsável O seu time é responsável por tratar os incidentes e propor soluções no menor…",
149,Vagas de emprego: Avivatec,Avivatec,"Home office in São Paulo, SP",,Postedhá 30+ dias,2022-05-01,"Nossa rotina é super tech, trabalhamos em um time multidisciplinar com pessoas de engenharia, produtos, design e negócios, utilizando diferentes tecnologias.",
