Área,Empresa,Localização
Desenvolvedor Java,MYP-7,"Home office in Ribeirão Preto, SP"
,Confidencial -,"São Paulo, SP"
DESENVOLVEDOR JAVA FULL STACK JÚNIOR,Infotera Tecnologia,"São Paulo, SP"
Desenvolvedor Java,Innolevels,"São Paulo, SP"
Desenvolvedor Java,JR Consultoria,"Home office in São Paulo, SP"
,Entreposto,"São Paulo, SP"
,NAVA - Technology for Business,"Home office in São Paulo, SP"
,Vem ser Smaga,"Santos, SP"
,Confitec,"São Paulo, SP"
,Recrutamento Externo,"São Paulo, SP"
,Yaman,"São Paulo, SP"
,EPSOFT SISTEMAS LTDA,"Home office in São Paulo, SP"
Java Developer (Remoto/Brasil),Programmer’s,"Home office in São Paulo, SP"
,Mercado Bitcoin,"Home office in São Paulo, SP"
,Innolevels,"São Paulo, SP"
